Structure Position, Actual Response
Line A: Structure Position, Actual Response - Global RX (SHIP) [°]
Line B: Structure Position, Actual Response - Global RY (SHIP) [°]
Line C: Structure Position, Actual Response - Global RZ (SHIP) [°]

*Time (s),Line A (°),Line B (°),Line C (°)
0.0,-9.25025081634521,2.29488492012024,-0.184101387858391
0.5,-9.25041484832764,2.32289171218872,-0.189659282565117
1,-9.25027942657471,2.39545607566834,-0.203960329294205
1.5,-9.24884605407715,2.4873948097229,-0.222504734992981
2,-9.24516296386719,2.56780529022217,-0.240358874201775
2.5,-9.23851680755615,2.60728788375854,-0.253239452838898
3,-9.22868347167969,2.58484125137329,-0.258309066295624
3.5,-9.21606826782227,2.49288153648376,-0.25447079539299
4,-9.20172786712647,2.33915686607361,-0.242234095931053
4.5,-9.18725681304932,2.14512729644775,-0.22332039475441
5,-9.17456912994385,1.94137024879456,-0.200181260704994
5.5,-9.16564464569092,1.76130068302155,-0.1755351126194
6,-9.16226196289063,1.63471722602844,-0.151974156498909
6.5,-9.16571998596191,1.58251440525055,-0.131637990474701
7,-9.17657661437988,1.6133759021759,-0.11597140878439
7.5,-9.19447422027588,1.7227748632431,-0.105613119900227
8,-9.21810436248779,1.89421355724335,-0.100434117019176
8.5,-9.24528312683105,2.10246920585632,-9.95878204703331E-02
9,-9.27327346801758,2.31825375556946,-0.101696603000164
9.5,-9.29919815063477,2.51332974433899,-0.104970574378967
10,-9.32053565979004,2.6649284362793,-0.107501603662968
10.5,-9.33540916442871,2.75857615470886,-0.107607707381248
11,-9.34265804290771,2.7890362739563,-0.104183107614517
11.5,-9.34163665771484,2.75958180427551,-9.69422981142998E-02
12,-9.33195018768311,2.68019962310791,-8.63584950566292E-02
12.5,-9.31346797943115,2.56539058685303,-7.34427869319916E-02
13,-9.28660869598389,2.43202567100525,-5.94620183110237E-02
13.5,-9.25274848937988,2.2971818447113,-4.57489863038063E-02
14,-9.21436214447021,2.17584347724915,-3.35253588855267E-02
14.5,-9.17479038238525,2.07897257804871,-2.36811321228743E-02
15,-9.13771724700928,2.01282143592834,-1.66777390986681E-02
15.5,-9.10660457611084,1.97951579093933,-1.24188791960478E-02
16,-9.0843505859375,1.97810280323029,-1.02713871747255E-02
16.5,-9.07308197021484,2.00555610656738,-9.13500972092152E-03
17,-9.07405662536621,2.0576319694519,-7.73007934913039E-03
17.5,-9.0875825881958,2.12944579124451,-4.83765825629234E-03
18,-9.11304759979248,2.21562623977661,4.86719916807488E-04
18.5,-9.14890289306641,2.3100848197937,8.8076600804925E-03
19,-9.192702293396,2.4055860042572,2.02258843928576E-02
19.5,-9.24116516113281,2.49346947669983,3.43490242958069E-02
20,-9.29028415679932,2.56399035453796,5.03382571041584E-02
20.5,-9.33559799194336,2.60764098167419,6.71167746186256E-02
21,-9.37272167205811,2.61697483062744,8.35190638899803E-02
21.5,-9.3979663848877,2.58803176879883,9.84783247113228E-02
22,-9.40889930725098,2.52074599266052,0.111169621348381
22.5,-9.40455055236816,2.41876912117004,0.121025867760181
23,-9.38539218902588,2.28956532478333,0.127751588821411
23.5,-9.3530740737915,2.14457726478577,0.131338879466057
24,-9.3101921081543,1.99878716468811,0.13212862610817
24.5,-9.26003170013428,1.86945390701294,0.130819663405418
25,-9.20635986328125,1.77415120601654,0.128354445099831
25.5,-9.15321636199951,1.7284187078476,0.125754252076149
26,-9.10474300384521,1.74349558353424,0.124035358428955
26.5,-9.06496238708496,1.8245187997818,0.124109663069248
27,-9.03759098052979,1.96929323673248,0.126764461398125
27.5,-9.02579402923584,2.16769170761108,0.132644668221474
28,-9.03184032440186,2.40176510810852,0.142119809985161
28.5,-9.0567045211792,2.64671206474304,0.155138328671455
29,-9.09961795806885,2.8728883266449,0.171222627162933
29.5,-9.1576566696167,3.04903078079224,0.189576864242554
30,-9.22569561004639,3.14659357070923,0.209264844655991
30.5,-9.29673194885254,3.1443395614624,0.229209333658218
31,-9.3626537322998,3.03204774856567,0.248254597187042
31.5,-9.41525459289551,2.81306624412537,0.265158295631409
32,-9.44744968414307,2.50552582740784,0.278648525476456
32.5,-9.45437145233154,2.14145183563232,0.287568211555481
33,-9.4341049194336,1.76325726509094,0.291151374578476
33.5,-9.38792991638184,1.41826498508453,0.289237171411514
34,-9.32001495361328,1.15257549285889,0.282379746437073
34.5,-9.23672962188721,1.005455493927,0.27181002497673
35,-9.14592361450195,1.00452697277069,0.259310066699982
35.5,-9.0562858581543,1.16191172599792,0.247099682688713
36,-8.97685050964355,1.47172439098358,0.237525701522827
36.5,-8.91636657714844,1.90929555892944,0.232728853821754
37,-8.88239192962646,2.43234419822693,0.234250470995903
37.5,-8.88014221191406,2.98450875282288,0.242759540677071
38,-8.91125202178955,3.50129675865173,0.258005887269974
38.5,-8.97297763824463,3.91771674156189,0.279074102640152
39,-9.05808353424072,4.17647647857666,0.30467426776886
39.5,-9.15567016601563,4.23559951782227,0.333287298679352
40,-9.2527904510498,4.07450819015503,0.363077133893967
40.5,-9.3366117477417,3.69784021377564,0.39183247089386
41,-9.39638710021973,3.13594198226929,0.416986525058746
41.5,-9.42492771148682,2.44191360473633,0.435905903577805
42,-9.41941452026367,1.68567740917206,0.446479469537735
42.5,-9.38108062744141,0.946290612220764,0.447525680065155
43,-9.31421375274658,0.304058998823166,0.439039826393127
43.5,-9.22502613067627,-0.167226642370224,0.422239810228348
44,-9.12096405029297,-0.407974541187286,0.399469047784805
44.5,-9.01046562194824,-0.379733383655548,0.373898595571518
45,-8.90293121337891,-7.04184547066689E-02,0.349059462547302
45.5,-8.80853366851807,0.503103017807007,0.328269928693771
46,-8.7375431060791,1.29552054405212,0.314009487628937
46.5,-8.69913005828857,2.23670148849487,0.307579606771469
47,-8.69978046417236,3.23790597915649,0.309122264385223
47.5,-8.74181079864502,4.19995927810669,0.31791689991951
48,-8.82244491577148,5.02282619476318,0.332699686288834
48.5,-8.93364334106445,5.61543703079224,0.351912975311279
49,-9.06297206878662,5.90453672409058,0.374033391475677
49.5,-9.19554615020752,5.84264612197876,0.39754992723465
50,-9.31676769256592,5.41574430465698,0.420883238315582
50.5,-9.41506195068359,4.64875745773315,0.442483216524124
51,-9.48341846466064,3.606041431427,0.460881650447846
51.5,-9.51887607574463,2.38582801818848,0.474736213684082
52,-9.52071762084961,1.10964143276215,0.482908934354782
52.5,-9.48878383636475,-9.13398414850235E-02,0.484636127948761
53,-9.42305850982666,-1.09107530117035,0.479625105857849
53.5,-9.32462596893311,-1.78286051750183,0.468261510133743
54,-9.19740581512451,-2.09120082855225,0.451659023761749
54.5,-9.04961204528809,-1.97982788085938,0.431609094142914
55,-8.89398288726807,-1.45505475997925,0.410290151834488
55.5,-8.74654769897461,-0.564551174640656,0.389862716197968
56,-8.62423801422119,0.60792875289917,0.372030347585678
56.5,-8.54201316833496,1.95106315612793,0.357756286859512
57,-8.51025867462158,3.33662033081055,0.347160309553146
57.5,-8.53289699554443,4.63125133514404,0.339688569307327
58,-8.60664081573486,5.70864343643188,0.334530055522919
58.5,-8.72170543670654,6.46160316467285,0.331065982580185
59,-8.864013671875,6.81364917755127,0.329206019639969
59.5,-9.01847648620605,6.72874784469604,0.329341143369675
60,-9.1720724105835,6.21681070327759,0.331933856010437
60.5,-9.31532669067383,5.33321189880371,0.337092161178589
61,-9.44196605682373,4.17214250564575,0.344341486692429
61.5,-9.54730892181396,2.85520505905151,0.352823257446289
62,-9.62653636932373,1.51746201515198,0.361496478319168
62.5,-9.67388343811035,0.292891949415207,0.369340568780899
63,-9.68329620361328,-0.699457764625549,0.375464737415314
63.5,-9.65033531188965,-1.36784553527832,0.379206299781799
64,-9.57448101043701,-1.65755522251129,0.380287110805511
64.5,-9.46052169799805,-1.55620872974396,0.378927230834961
65,-9.31828784942627,-1.09318470954895,0.375794261693954
65.5,-9.16085338592529,-0.333335012197495,0.371780425310135
66,-9.00203514099121,0.632817804813385,0.367546945810318
66.5,-8.85416698455811,1.70008635520935,0.36335089802742
67,-8.72665214538574,2.75965309143066,0.35895311832428
67.5,-8.62553882598877,3.70958685874939,0.353748470544815
68,-8.55408573150635,4.46419715881348,0.346990823745728
68.5,-8.51385688781738,4.96139287948608,0.338067084550858
69,-8.50590419769287,5.16750478744507,0.32665142416954
69.5,-8.53146457672119,5.07939147949219,0.312837660312653
70,-8.59194469451904,4.72377872467041,0.297146111726761
70.5,-8.68809509277344,4.15377902984619,0.280533611774445
71,-8.81872463226318,3.44262266159058,0.264350026845932
71.5,-8.97947025299072,2.67511057853699,0.250248938798904
72,-9.16216659545898,1.93784332275391,0.239934861660004
72.5,-9.35511684417725,1.30941092967987,0.23479837179184
73,-9.54426002502441,0.851575613021851,0.235534057021141
73.5,-9.71482086181641,0.60262542963028,0.242004334926605
74,-9.85297679901123,0.574033737182617,0.253276705741882
74.5,-9.94713592529297,0.75092750787735,0.267922163009644
75,-9.98874855041504,1.09585750102997,0.284345418214798
75.5,-9.97274684906006,1.55466675758362,0.301031470298767
76,-9.89778995513916,2.06325507164001,0.316720455884933
76.5,-9.76634407043457,2.55471134185791,0.330410599708557
77,-9.58476734161377,2.96653723716736,0.341385841369629
77.5,-9.36337566375732,3.24748516082764,0.349164456129074
78,-9.11631870269775,3.36333203315735,0.353494912385941
78.5,-8.86098289489746,3.30101490020752,0.354337215423584
79,-8.61673069000244,3.07059049606323,0.351810932159424
79.5,-8.40304756164551,2.70420122146606,0.3461594581604
80,-8.2373743057251,2.25189280509949,0.33779713511467
80.5,-8.13319396972656,1.77504122257233,0.327335804700851
81,-8.09887218475342,1.33826386928558,0.315541744232178
81.5,-8.13726997375488,1.00105822086334,0.303266912698746
82,-8.24619007110596,0.810574352741241,0.291225612163544
82.5,-8.41914749145508,0.796309351921082,0.279707849025726
83,-8.64610481262207,0.967127561569214,0.268586456775665
83.5,-8.91408061981201,1.31056272983551,0.257359862327576
84,-9.20766830444336,1.79419636726379,0.245518386363983
84.5,-9.50942993164063,2.36884117126465,0.232863903045654
85,-9.80036067962646,2.97326588630676,0.219770789146423
85.5,-10.0605325698853,3.54047036170959,0.207345142960548
86,-10.270299911499,4.00536632537842,0.197277337312698
86.5,-10.4120645523071,4.31288766860962,0.191567420959473
87,-10.4724397659302,4.42478322982788,0.19209286570549
87.5,-10.4441394805908,4.32388353347778,0.200018480420113
88,-10.3270101547241,4.0154767036438,0.215398162603378
88.5,-10.1280841827393,3.52605032920837,0.23694321513176
89,-9.86083126068115,2.90010118484497,0.262217313051224
89.5,-9.54383563995361,2.19561576843262,0.288078993558884
90,-9.199143409729,1.47839832305908,0.311346799135208
90.5,-8.85052299499512,0.815496981143951,0.329385757446289
91,-8.52172660827637,0.268393099308014,0.340466111898422
91.5,-8.23484706878662,-0.112944461405277,0.343874901533127
92,-8.00888824462891,-0.294270187616348,0.339734464883804
92.5,-7.85865879058838,-0.259307742118835,0.328793823719025
93,-7.79406881332397,-1.03814685717225E-02,0.312142580747604
93.5,-7.81973361968994,0.432230859994888,0.290979415178299
94,-7.9348521232605,1.03213632106781,0.266492575407028
94.5,-8.13326549530029,1.73995804786682,0.239778861403465
95,-8.40369129180908,2.49772000312805,0.211967319250107
95.5,-8.73021602630615,3.24397397041321,0.18439145386219
96,-9.09311771392822,3.91886329650879,0.158793404698372
96.5,-9.46994686126709,4.46849727630615,0.137406378984451
97,-9.83671760559082,4.84847116470337,0.122730255126953
97.5,-10.1691551208496,5.02665233612061,0.117081210017204
98,-10.4441175460815,4.98542642593384,0.122011326253414
98.5,-10.6411714553833,4.72344541549683,0.137865960597992
99,-10.7443256378174,4.25686120986938,0.163502857089043
99.5,-10.7437448501587,3.61957812309265,0.196292042732239
100,-10.6369657516479,2.86158061027527,0.232481226325035
100.5,-10.4293231964111,2.04504609107971,0.267784386873245
101,-10.1334829330444,1.23897981643677,0.298140943050385
101.5,-9.76834678649902,0.51326996088028,0.320420801639557
102,-9.35763549804688,-6.75189644098282E-02,0.332941055297852
102.5,-8.92829990386963,-0.450273990631104,0.335647255182266
103,-8.50882911682129,-0.598685503005981,0.329905688762665
103.5,-8.1274585723877,-0.49713271856308,0.318060159683228
104,-7.81033658981323,-0.152574852108955,0.302699655294418
104.5,-7.57975196838379,0.40584260225296,0.286047965288162
105,-7.45250749588013,1.12946236133575,0.269601106643677
105.5,-7.43869400024414,1.9547199010849,0.254055917263031
106,-7.54091119766235,2.80902624130249,0.239463612437248
106.5,-7.75397396087647,3.61721539497375,0.225546300411224
107,-8.06506443023682,4.30797624588013,0.212064549326897
107.5,-8.45432758331299,4.81979370117188,0.19917856156826
108,-8.89595031738281,5.10601663589478,0.187644749879837
108.5,-9.35979175567627,5.13906908035278,0.178773283958435
109,-9.81360530853271,4.91365623474121,0.173990458250046
109.5,-10.2256641387939,4.44827079772949,0.174141213297844
110,-10.5673131942749,3.78414463996887,0.17901948094368
110.5,-10.8149461746216,2.98166036605835,0.187202215194702
111,-10.9513874053955,2.11519312858582,0.196293547749519
111.5,-10.9666614532471,1.26672470569611,0.203514620661736
112,-10.8585214614868,0.51818323135376,0.206406787037849
112.5,-10.6327962875366,-5.69014735519886E-02,0.203483834862709
113,-10.3034820556641,-0.401264011859894,0.194594919681549
113.5,-9.89241504669189,-0.480212837457657,0.181008890271187
114,-9.42813491821289,-0.285510540008545,0.165025383234024
114.5,-8.94387149810791,0.163655653595924,0.149398922920227
115,-8.47473049163818,0.822637140750885,0.136568039655685
115.5,-8.05455112457275,1.62579774856567,0.128024086356163
116,-7.71291255950928,2.49288153648376,0.123887106776238
116.5,-7.47270679473877,3.33664059638977,0.122967593371868
117,-7.34850835800171,4.07119798660278,0.123171657323837
117.5,-7.34595823287964,4.62073993682861,0.122196204960346
118,-7.46209192276001,4.92775535583496,0.118239380419254
118.5,-7.68636560440063,4.95955038070679,0.110361538827419
119,-8.00215339660645,4.71201133728027,9.86134484410286E-02
119.5,-8.38829612731934,4.21023559570313,8.37602615356445E-02
120,-8.82039642333984,3.50621867179871,6.69158473610878E-02
120.5,-9.27179622650146,2.67380166053772,4.91342730820179E-02
121,-9.71440124511719,1.80112373828888,3.11356652528048E-02
121.5,-10.1196918487549,0.981324970722199,1.31386797875166E-02
122,-10.4603462219238,0.302492141723633,-5.05268108099699E-03
122.5,-10.7125225067139,-0.162099599838257,-2.38070916384459E-02
123,-10.8584270477295,-0.362318247556686,-4.32623438537121E-02
123.5,-10.8884992599487,-0.276934325695038,-6.28827214241028E-02
124,-10.8026342391968,8.40685740113259E-02,-8.13916772603989E-02
124.5,-10.6099309921265,0.680906891822815,-9.68841686844826E-02
125,-10.3270826339722,1.44876849651337,-0.107316844165325
125.5,-9.97592067718506,2.30516171455383,-0.111079797148705
126,-9.5808162689209,3.15892648696899,-0.107490360736847
126.5,-9.1666259765625,3.91999363899231,-9.70717966556549E-02
127,-8.75741291046143,4.50884819030762,-8.15205723047256E-02
127.5,-8.37588691711426,4.86459255218506,-6.34026825428009E-02
128,-8.0432014465332,4.95075702667236,-4.56396602094173E-02
128.5,-7.77851819992066,4.75851774215698,-3.09496354311705E-02
129,-7.59822368621826,4.30741119384766,-2.13933624327183E-02
129.5,-7.51478528976441,3.64371204376221,-1.80638637393713E-02
130,-7.53539180755615,2.83629822731018,-2.09343824535608E-02
130.5,-7.6607666015625,1.96986842155457,-2.89415698498487E-02
131,-7.88434600830078,1.13592112064362,-4.02807258069515E-02
131.5,-8.19223690032959,0.422600090503693,-5.29159940779209E-02
132,-8.56404495239258,-9.51700508594513E-02,-6.51436448097229E-02
132.5,-8.97463321685791,-0.363906741142273,-7.59290307760239E-02
133,-9.39651584625244,-0.35723426938057,-8.51119458675385E-02
133.5,-9.8023738861084,-7.84230455756187E-02,-9.31079834699631E-02
134,-10.1671094894409,0.440536648035049,-0.100527308881283
134.5,-10.4690227508545,1.14314711093903,-0.107745118439198
135,-10.6901588439941,1.95510578155518,-0.114638760685921
135.5,-10.8164148330688,2.79250288009644,-0.120540514588356
136,-10.838002204895,3.57064366340637,-0.124412201344967
136.5,-10.7505207061768,4.21257305145264,-0.125151768326759
137,-10.5564937591553,4.65636587142944,-0.121861018240452
137.5,-10.2666254043579,4.86057472229004,-0.114084504544735
138,-9.90005111694336,4.80763721466064,-0.101952403783798
138.5,-9.48303890228271,4.50532817840576,-8.62885117530823E-02
139,-9.04649066925049,3.98601818084717,-6.85449838638306E-02
139.5,-8.62274265289307,3.30335974693298,-5.05373924970627E-02
140,-8.2422399520874,2.52650237083435,-3.40158827602863E-02
140.5,-7.93083238601685,1.73259079456329,-0.020308431237936
141,-7.70792055130005,0.998759567737579,-1.01167801767588E-02
141.5,-7.58558511734009,0.394720196723938,-3.56585369445384E-03
142,-7.56849098205566,-2.34062876552343E-02,-4.96108783408999E-04
142.5,-7.65439224243164,-0.21770766377449,-7.99086352344602E-04
143,-7.83499097824097,-0.17156295478344,-4.62021492421627E-03
143.5,-8.0969934463501,0.108938775956631,-1.24680483713746E-02
144,-8.42325019836426,0.595469355583191,-2.49637346714735E-02
144.5,-8.79369831085205,1.23999786376953,-0.042630098760128
145,-9.18615627288818,1.97936391830444,-6.55423998832703E-02
145.5,-9.57706356048584,2.74139380455017,-9.29736942052841E-02
146,-9.94251155853272,3.45199537277222,-0.123117253184319
146.5,-10.2596015930176,4.04267883300781,-0.153074562549591
147,-10.5080785751343,4.45771265029907,-0.179244965314865
147.5,-10.6720113754272,4.65997362136841,-0.198006570339203
148,-10.7411031723022,4.63456010818481,-0.20660312473774
148.5,-10.7114315032959,4.38958930969238,-0.203852325677872
149,-10.5854797363281,3.95430850982666,-0.190404444932938
149.5,-10.3716688156128,3.37510871887207,-0.16858035326004
150,-10.0836219787598,2.71012592315674,-0.141752436757088
150.5,-9.73936080932617,2.02314162254334,-0.113611169159412
151,-9.36043930053711,1.37736129760742,-0.087483711540699
151.5,-8.97083473205566,0.829490482807159,-6.58546835184097E-02
152,-8.59551811218262,0.424668997526169,-5.01425340771675E-02
152.5,-8.25879383087158,0.192836359143257,-4.07803878188133E-02
153,-7.98254871368408,0.146798521280289,-3.74764986336231E-02
153.5,-7.78465461730957,0.281956970691681,-3.95410656929016E-02
154,-7.67759227752685,0.577611923217773,-4.62006591260433E-02
154.5,-7.66750288009644,0.999886453151703,-5.67814968526363E-02
155,-7.7537579536438,1.50620639324188,-7.06994831562042E-02
155.5,-7.92924547195435,2.05069923400879,-8.73475074768066E-02
156,-8.1812858581543,2.58918452262878,-0.105920873582363
156.5,-8.49295520782471,3.08278131484985,-0.12529444694519
157,-8.8445348739624,3.49977564811707,-0.144028380513191
157.5,-9.21487712860107,3.81604599952698,-0.160481065511703
158,-9.58246421813965,4.01482105255127,-0.1731026917696
158.5,-9.9263391494751,4.08625173568726,-0.180672034621239
159,-10.2270460128784,4.02725172042847,-0.182406514883041
159.5,-10.4675788879395,3.84193754196167,-0.178085818886757
160,-10.634202003479,3.54216384887695,-0.168045818805695
160.5,-10.7170515060425,3.14740180969238,-0.153144136071205
161,-10.7105417251587,2.68400096893311,-0.134636759757996
161.5,-10.6135873794556,2.18471431732178,-0.114124871790409
162,-10.4299058914185,1.6879768371582,-9.33996513485909E-02
162.5,-10.1683626174927,1.2352329492569,-7.40879401564598E-02
163,-9.84294319152832,0.866421699523926,-5.73772639036179E-02
163.5,-9.47226810455322,0.615066766738892,-0.04389838129282
164,-9.07877922058105,0.50400573015213,-3.37117277085781E-02
164.5,-8.68751049041748,0.542571425437927,-2.65060644596815E-02
165,-8.3244104385376,0.725547850131989,-2.18830499798059E-02
165.5,-8.0142765045166,1.03380119800568,-1.95684544742107E-02
166,-7.77861976623535,1.43643271923065,-1.94952208548784E-02
166.5,-7.63372182846069,1.89416301250458,-2.18721423298121E-02
167,-7.58927536010742,2.36360192298889,-2.70576402544975E-02
167.5,-7.64770889282227,2.80208492279053,-3.54070626199246E-02
168,-7.80439710617065,3.17261528968811,-4.70293574035168E-02
168.5,-8.04848384857178,3.44793105125427,-6.15774840116501E-02
169,-8.36416912078857,3.61276340484619,-7.81155079603195E-02
169.5,-8.73201179504395,3.66401052474976,-9.51613634824753E-02
170,-9.13016223907471,3.60920977592468,-0.110915757715702
170.5,-9.53540992736816,3.46410036087036,-0.123569652438164
171,-9.92413902282715,3.24984812736511,-0.131611406803131
171.5,-10.2733545303345,2.99021720886231,-0.134029775857925
172,-10.5618257522583,2.70903182029724,-0.130402237176895
172.5,-10.7712936401367,2.428142786026,-0.120819605886936
173,-10.8876514434814,2.16585969924927,-0.105842664837837
173.5,-10.9019546508789,1.93583953380585,-0.086396262049675
174,-10.8111057281494,1.74661648273468,-6.37185350060463E-02
174.5,-10.6182222366333,1.60207116603851,-3.92483212053776E-02
175,-10.3327226638794,1.50267708301544,-1.45102748647332E-02
175.5,-9.97014331817627,1.44695615768433,9.05152782797813E-03
176,-9.55152893066406,1.4325704574585,3.01747284829617E-02
176.5,-9.10230541229248,1.45679354667664,4.78528030216694E-02
177,-8.6506814956665,1.51655125617981,6.13216459751129E-02
177.5,-8.2257080078125,1.60839104652405,7.00918436050415E-02
178,-7.8552360534668,1.72848808765411,0.073908343911171
178.5,-7.56396150588989,1.87259304523468,7.28198811411858E-02
179,-7.3718113899231,2.03588557243347,6.72208070755005E-02
179.5,-7.29265451431274,2.21279907226563,5.77903725206852E-02
180,-7.33343935012817,2.39690518379211,4.54616285860538E-02
180.5,-7.49373960494995,2.5809063911438,3.13574858009815E-02
181,-7.76573896408081,2.75678610801697,1.67520027607679E-02
181.5,-8.13456058502197,2.91612100601196,3.10985883697867E-03
182,-8.57899188995361,3.05031800270081,-7.95144215226173E-03
182.5,-9.07239532470703,3.15060377120972,-1.46911898627877E-02
183,-9.58383941650391,3.20795845985413,-1.55442617833614E-02
183.5,-10.0795631408691,3.21342515945435,-9.37032885849476E-03
184,-10.5248832702637,3.15925002098084,4.20007016509771E-03
184.5,-10.8867683410645,3.04091262817383,2.45788786560297E-02
185,-11.1368274688721,2.85917282104492,5.01206703484058E-02
185.5,-11.2541875839233,2.62108302116394,7.83646479249001E-02
186,-11.2277164459229,2.33961510658264,0.106418915092945
186.5,-11.0571889877319,2.03257989883423,0.131509616971016
187,-10.7532529830933,1.72178292274475,0.151437997817993
187.5,-10.336446762085,1.43224215507507,0.164866328239441
188,-9.83547210693359,1.19054543972015,0.171556577086449
188.5,-9.28495121002197,1.02224600315094,0.17231197655201
189,-8.7227611541748,0.948775053024292,0.168664082884789
189.5,-8.18730926513672,0.984318971633911,0.1624775826931
190,-7.71493101119995,1.13336098194122,0.155454024672508
190.5,-7.33751010894775,1.38947892189026,0.148725941777229
191,-7.08046436309814,1.73551380634308,0.142674699425697
191.5,-6.9612603187561,2.14492464065552,0.137004658579826
192,-6.98843240737915,2.5840322971344,0.130983546376228
192.5,-7.16113138198853,3.01485991477966,0.123762764036655
193,-7.4691686630249,3.39829874038696,0.114653341472149
193.5,-7.89347648620606,3.69744610786438,0.10336285084486
194,-8.40705394744873,3.88103723526001,9.01216045022011E-02
194.5,-8.97648906707764,3.92679572105408,7.57410377264023E-02
195,-9.56398773193359,3.82426142692566,6.14975690841675E-02
195.5,-10.1298923492432,3.5765643119812,4.88766320049763E-02
196,-10.6353588104248,3.20082402229309,3.91760468482971E-02
196.5,-11.0449533462524,2.72712540626526,3.31302620470524E-02
197,-11.3291149139404,2.19623875617981,3.06816808879375E-02
197.5,-11.4663619995117,1.65628743171692,3.09675075113773E-02
198,-11.4451780319214,1.15843594074249,3.24478559195995E-02
198.5,-11.2653913497925,0.751748979091644,3.33427786827087E-02
199,-10.9386472702026,0.477793723344803,3.21107432246208E-02
199.5,-10.4877805709839,0.365894585847855,2.77857836335897E-02
200,-9.94493675231934,0.429932147264481,2.02301777899265E-02
200.5,-9.34877395629883,0.667072951793671,9.98002011328936E-03
201,-8.74116706848145,1.05830776691437,-1.88764207996428E-03
201.5,-8.1639289855957,1.57041227817535,-1.41510767862201E-02
202,-7.65588045120239,2.15889406204224,-2.57963985204697E-02
202.5,-7.25041675567627,2.77167367935181,-3.63067239522934E-02
203,-6.97363376617432,3.35341048240662,-4.57736887037754E-02
203.5,-6.84311151504517,3.85032486915588,-5.48570863902569E-02
204,-6.86718416213989,4.21527194976807,-6.45087659358978E-02
204.5,-7.04471588134766,4.41234683990479,-7.54659771919251E-02
205,-7.36519718170166,4.42025709152222,-8.78434255719185E-02
205.5,-7.80898332595825,4.23417901992798,-0.100947380065918
206,-8.34775352478027,3.86609411239624,-0.113500669598579
206.5,-8.9454517364502,3.34411239624023,-0.12404241412878
207,-9.56016540527344,2.71127390861511,-0.131641179323196
207.5,-10.1470308303833,2.02306699752808,-0.136476919054985
208,-10.6619567871094,1.34269332885742,-0.140155553817749
208.5,-11.0657205581665,0.734560787677765,-0.145467162132263
209,-11.3278579711914,0.257034450769424,-0.155566871166229
209.5,-11.4297370910645,-4.39024046063423E-02,-0.17299248278141
210,-11.366042137146,-0.138794735074043,-0.19882544875145
210.5,-11.1447153091431,-1.68386101722717E-02,-0.232293084263802
211,-10.7856359481812,0.313508123159409,-0.270798951387405
211.5,-10.3182344436646,0.825312972068787,-0.310490339994431
212,-9.77854537963867,1.47541213035584,-0.347190022468567
212.5,-9.20600891113281,2.20807814598084,-0.377426296472549
213,-8.64039039611816,2.95990896224976,-0.399214744567871
213.5,-8.11911010742188,3.66550207138062,-0.412441730499268
214,-7.67517232894898,4.26330232620239,-0.418718248605728
214.5,-7.33561897277832,4.70098686218262,-0.420792311429977
215,-7.12045860290527,4.93982553482056,-0.421804219484329
215.5,-7.04181671142578,4.95764636993408,-0.424535363912582
216,-7.10341024398804,4.75031852722168,-0.431020677089691
216.5,-7.30020952224731,4.3320050239563,-0.442330539226532
217,-7.618567943573,3.7345118522644,-0.458638608455658
217.5,-8.03683185577393,3.00577664375305,-0.479476302862167
218,-8.52652645111084,2.20697546005249,-0.504085659980774
218.5,-9.05404853820801,1.4076896905899,-0.531777858734131
219,-9.58278751373291,0.679400265216827,-0.562230110168457
219.5,-10.0756778717041,0.088289700448513,-0.595395445823669
220,-10.4980611801147,-0.311359614133835,-0.631323575973511
220.5,-10.8206148147583,-0.482453346252441,-0.669792771339417
221,-11.0220260620117,-0.408767521381378,-0.710016310214996
221.5,-11.0909595489502,-9.66950282454491E-02,-0.750480115413666
222,-11.0267353057861,0.425128281116486,-0.789100050926209
222.5,-10.8387355804443,1.10843122005463,-0.823624908924103
223,-10.5445823669434,1.88998425006866,-0.852148532867432
223.5,-10.1677513122559,2.69790482521057,-0.87361341714859
224,-9.73512554168701,3.45873260498047,-0.888031899929047
224.5,-9.27508735656738,4.1042652130127,-0.896531581878662
225,-8.81606578826904,4.57744646072388,-0.901087880134583
225.5,-8.38546371459961,4.83701324462891,-0.904137432575226
226,-8.00876331329346,4.86097383499146,-0.908222138881683
226.5,-7.70861721038818,4.64899969100952,-0.915515244007111
227,-7.50379085540771,4.22345447540283,-0.927488148212433
227.5,-7.40794038772583,3.62835669517517,-0.944511771202088
228,-7.42836284637451,2.9256386756897,-0.965801775455475
228.5,-7.56484031677246,2.18862199783325,-0.989590704441071
229,-7.80893230438232,1.49356544017792,-1.01363909244537
229.5,-8.14407730102539,0.910642564296722,-1.03586781024933
230,-8.54664516448975,0.495812147855759,-1.05500864982605
230.5,-8.98804092407227,0.284712463617325,-1.07089912891388
231,-9.43743515014648,0.289249897003174,-1.08435261249542
231.5,-9.86460399627686,0.497092306613922,-1.09679436683655
232,-10.2421283721924,0.873815953731537,-1.10963761806488
232.5,-10.5466089248657,1.36732423305511,-1.12388134002686
233,-10.7590942382813,1.91429841518402,-1.14004302024841
233.5,-10.8653078079224,2.44831109046936,-1.15821301937103
234,-10.8564786911011,2.90854334831238,-1.17829930782318
234.5,-10.7307529449463,3.24719905853271,-1.20019292831421
235,-10.4946250915527,3.43438339233398,-1.22387635707855
235.5,-10.1634731292725,3.46023344993591,-1.249387383461
236,-9.76078987121582,3.33456754684448,-1.27676355838776
236.5,-9.31616020202637,3.08454060554504,-1.30579137802124
237,-8.86243915557861,2.75085020065308,-1.33590877056122
237.5,-8.43273448944092,2.38274455070496,-1.36614036560059
238,-8.05764865875244,2.03214716911316,-1.39516043663025
238.5,-7.76312208175659,1.74726915359497,-1.42152237892151
239,-7.56894159317017,1.56634712219238,-1.4441214799881
239.5,-7.48780155181885,1.51243805885315,-1.46250569820404
240,-7.52472305297851,1.59034276008606,-1.47717523574829
240.5,-7.67670154571533,1.7863062620163,-1.48966705799103
241,-7.93265247344971,2.07073998451233,-1.50214982032776
241.5,-8.27389240264893,2.40323805809021,-1.51686894893646
242,-8.67513942718506,2.73826766014099,-1.5356240272522
242.5,-9.10606956481934,3.0303361415863,-1.55963897705078
243,-9.53352928161621,3.23846936225891,-1.58949744701386
243.5,-9.9243278503418,3.3305242061615,-1.62523579597473
244,-10.2484188079834,3.28738522529602,-1.66641438007355
244.5,-10.4820346832275,3.10620069503784,-1.71225845813751
245,-10.6100625991821,2.80171513557434,-1.76165497303009
245.5,-10.6271476745605,2.40535044670105,-1.81311368942261
246,-10.5372714996338,1.96193540096283,-1.86486411094666
246.5,-10.3521766662598,1.52443432807922,-1.91510689258575
247,-10.0893592834473,1.1472499370575,-1.96222686767578
247.5,-9.77015781402588,0.879036843776703,-2.00501084327698
248,-9.41819381713867,0.75614607334137,-2.04283118247986
248.5,-9.05815029144287,0.797793567180634,-2.07567501068115
249,-8.71452045440674,1.00368165969849,-2.10408639907837
249.5,-8.41019058227539,1.3542617559433,-2.12914705276489
250,-8.16486072540283,1.81335735321045,-2.15248322486877
250.5,-7.99364900588989,2.33265280723572,-2.17610478401184
251,-7.90605401992798,2.85727334022522,-2.20219826698303
251.5,-7.90543413162231,3.33159852027893,-2.23276853561401
252,-7.98898983001709,3.70469689369202,-2.26917600631714
252.5,-8.14820384979248,3.93510723114014,-2.31183838844299
253,-8.36970329284668,3.99495506286621,-2.3602409362793
253.5,-8.6365213394165,3.87336325645447,-2.41309905052185
254,-8.92956161499023,3.57883787155151,-2.46857500076294
254.5,-9.22905826568604,3.13995051383972,-2.52452850341797
255,-9.51586246490479,2.60336303710938,-2.57878851890564
255.5,-9.77231884002686,2.02887749671936,-2.62938809394836
256,-9.98293399810791,1.48204791545868,-2.67486691474915
256.5,-10.1350746154785,1.02570748329163,-2.71456575393677
257,-10.2198324203491,0.711974501609802,-2.74874782562256
257.5,-10.2331037521362,0.576091766357422,-2.77852511405945
258,-10.1763896942139,0.63269716501236,-2.80545997619629
258.5,-10.0569105148315,0.874630928039551,-2.83102369308472
259,-9.88672733306885,1.27388989925385,-2.8560938835144
259.5,-9.68091869354248,1.7844226360321,-2.8811047077179
260,-9.45539951324463,2.34668159484863,-2.90633487701416
260.5,-9.22503662109375,2.89398765563965,-2.93207287788391
261,-9.00247764587402,3.3604462146759,-2.95893859863281
261.5,-8.79811000823975,3.68938612937927,-2.98772954940796
262,-8.62060165405273,3.84082293510437,-3.01903700828552
262.5,-8.47750282287598,3.79670572280884,-3.05299687385559
263,-8.37549018859863,3.56309533119202,-3.08922982215881
263.5,-8.32003021240234,3.16898989677429,-3.12706255912781
264,-8.31468868255615,2.66226887702942,-3.16579341888428
264.5,-8.36035919189453,2.10351800918579,-3.2048807144165
265,-8.4547061920166,1.55868887901306,-3.24407124519348
265.5,-8.59209537506104,1.09153831005096,-3.28338527679443
266,-8.76409244537354,0.756664454936981,-3.32301473617554
266.5,-8.96037292480469,0.593723297119141,-3.36310744285584
267,-9.16972541809082,0.623236358165741,-3.40369439125061
267.5,-9.38095664978027,0.844394981861115,-3.44462323188782
268,-9.58346080780029,1.23518931865692,-3.48542070388794
268.5,-9.7673807144165,1.75484848022461,-3.52528262138367
269,-9.92358016967773,2.34822916984558,-3.56314134597778
269.5,-10.0435495376587,2.95162010192871,-3.59783244132996
270,-10.1195259094238,3.49944305419922,-3.62838387489319
270.5,-10.1449966430664,3.93127202987671,-3.6542980670929
271,-10.1156272888184,4.1985502243042,-3.67579984664917
271.5,-10.0303335189819,4.27022552490234,-3.69374966621399
272,-9.89214324951172,4.13631629943848,-3.70942378044128
272.5,-9.70844650268555,3.80879068374634,-3.72424983978271
273,-9.49045944213867,3.31969523429871,-3.73963665962219
273.5,-9.25217437744141,2.71711492538452,-3.75695371627808
274,-9.00899887084961,2.05988502502441,-3.77770376205444
274.5,-8.77643775939941,1.411780834198,-3.8034520149231
275,-8.56901073455811,0.835641503334045,-3.83546423912048
275.5,-8.39947605133057,0.387636065483093,-3.87410116195679
276,-8.27827453613281,0.111901327967644,-3.91853380203247
276.5,-8.21309375762939,3.61072793602943E-02,-3.96687483787537
277,-8.20852947235107,0.168666154146194,-4.0165901184082
277.5,-8.26580142974854,0.49810653924942,-4.0652494430542
278,-8.3826379776001,0.994559109210968,-4.11123895645142
278.5,-8.55329036712646,1.61290347576141,-4.15407228469849
279,-8.76870632171631,2.29704809188843,-4.19414758682251
279.5,-9.01683616638184,2.98494648933411,-4.23226928710938
280,-9.28310680389404,3.61404180526733,-4.26899671554565
280.5,-9.5510778427124,4.12681293487549,-4.30434417724609
281,-9.80341720581055,4.47599029541016,-4.33774566650391
281.5,-10.0231952667236,4.6290168762207,-4.36826181411743
282,-10.1952838897705,4.57129812240601,-4.39486598968506
282.5,-10.3076581954956,4.30779600143433,-4.41677379608154
283,-10.3523731231689,3.86263251304626,-4.43380784988403
283.5,-10.3259649276733,3.27671313285828,-4.44666910171509
284,-10.2294292449951,2.60370588302612,-4.4571533203125
284.5,-10.0678758621216,1.90492415428162,-4.46802473068237
285,-9.85017013549805,1.24372708797455,-4.48244142532349
285.5,-9.58858299255371,0.679847002029419,-4.50307178497314
286,-9.29841899871826,0.263914167881012,-4.53125858306885
286.5,-8.99739551544189,3.26056219637394E-02,-4.56671953201294
287,-8.70465850830078,5.08591625839472E-03,-4.60778141021729
287.5,-8.43950271606445,0.181368425488472,-4.652015209198
288,-8.21997451782227,0.542820394039154,-4.69716691970825
288.5,-8.06146812438965,1.05451154708862,-4.741623878479
289,-7.97557592391968,1.66889035701752,-4.78450727462769
289.5,-7.96922492980957,2.33029770851135,-4.82545709609985
290,-8.04411315917969,2.97990965843201,-4.86427640914917
290.5,-8.19651985168457,3.56074619293213,-4.90083503723145
291,-8.41752338409424,4.02243995666504,-4.9350118637085
291.5,-8.6935977935791,4.32539510726929,-4.96683168411255
292,-9.0075159072876,4.4441089630127,-4.99642181396484
292.5,-9.33946704864502,4.36938714981079,-5.02391004562378
293,-9.6682653427124,4.10917139053345,-5.04926586151123
293.5,-9.97257518768311,3.68783211708069,-5.07230424880981
294,-10.2320766448975,3.143874168396,-5.09305858612061
294.5,-10.428614616394,2.52639174461365,-5.1122088432312
295,-10.5473909378052,1.89073538780212,-5.13129281997681
295.5,-10.5781469345093,1.29374885559082,-5.15256023406982
296,-10.5162792205811,0.788851499557495,-5.17830944061279
296.5,-10.3637018203735,0.421225100755692,-5.21008443832397
297,-10.1291341781616,0.22354494035244,-5.24810266494751
297.5,-9.82773780822754,0.212827295064926,-5.29111337661743
298,-9.48001861572266,0.388906806707382,-5.33684206008911
298.5,-9.11017513275146,0.734731495380402,-5.38258409500122
299,-8.74413204193115,1.21831023693085,-5.42587804794312
299.5,-8.40746974945068,1.79592382907867,-5.46495580673218
300,-8.12349319458008,2.41619491577148,-5.49893665313721
300.5,-7.91161918640137,3.0246217250824,-5.52792882919312
301,-7.78615093231201,3.56824421882629,-5.55289506912232
301.5,-7.75556373596192,4.00013589859009,-5.57538795471191
302,-7.82217168807983,4.28335618972778,-5.59712791442871
302.5,-7.98220586776733,4.39405727386475,-5.6194896697998
303,-8.22604274749756,4.32334136962891,-5.64306831359863
303.5,-8.53867340087891,4.07773971557617,-5.66759490966797
304,-8.90036296844482,3.67822599411011,-5.69232177734375
304.5,-9.28752422332764,3.15809631347656,-5.71676445007324
305,-9.67390823364258,2.56005835533142,-5.74148464202881
305.5,-10.0321750640869,1.93297338485718,-5.76839113235474
306,-10.3358306884766,1.32846927642822,-5.80005502700806
306.5,-10.5614280700684,0.797203779220581,-5.8385648727417
307,-10.6907596588135,0.384658813476563,-5.88471555709839
307.5,-10.7126998901367,0.12689334154129,-5.9376220703125
308,-10.6244745254517,4.70338687300682E-02,-5.99482393264771
308.5,-10.4321012496948,0.15313158929348,-6.05297422409058
309,-10.149938583374,0.437597453594208,-6.10887336730957
309.5,-9.79935836791992,0.877974331378937,-6.1600546836853
310,-9.40675354003906,1.43885123729706,-6.20508575439453
310.5,-9.00119209289551,2.07474398612976,-6.24360227584839
311,-8.61196327209473,2.73379015922546,-6.27595806121826
311.5,-8.26635932922363,3.36201620101929,-6.30300045013428
312,-7.9878568649292,3.90785431861877,-6.32605361938477
312.5,-7.79487562179565,4.32648944854736,-6.34661054611206
313,-7.69991970062256,4.58365774154663,-6.36603975296021
313.5,-7.70913362503052,4.65850591659546,-6.38532686233521
314,-7.82207345962525,4.54520416259766,-6.40491771697998
314.5,-8.03176116943359,4.25320959091187,-6.42480373382568
315,-8.32494735717773,3.80621695518494,-6.44484806060791
315.5,-8.68260383605957,3.24001312255859,-6.46523571014404
316,-9.08071899414063,2.59952735900879,-6.48681688308716
316.5,-9.49146938323975,1.93522763252258,-6.51098442077637
317,-9.88476371765137,1.29907500743866,-6.53937292098999
317.5,-10.230297088623,0.740237295627594,-6.573570728302
318,-10.4999132156372,0.301045328378677,-6.61505508422852
318.5,-10.6703786849976,1.38481678441167E-02,-6.66526079177856
319,-10.7261991500854,-0.100810281932354,-6.72520589828491
319.5,-10.6616992950439,-3.50964479148388E-02,-6.79442501068115
320,-10.4819574356079,0.205708831548691,-6.87072134017944
320.5,-10.2023220062256,0.603375017642975,-6.95037937164307
321,-9.84656524658203,1.1277848482132,-7.02805280685425
321.5,-9.44397926330566,1.73907840251923,-7.09737968444824
322,-9.02617073059082,2.3908531665802,-7.15305280685425
322.5,-8.62436866760254,3.03390407562256,-7.19248485565186
323,-8.26729393005371,3.6199414730072,-7.21632719039917
323.5,-7.97954702377319,4.10504531860352,-7.22823143005371
324,-7.78038120269775,4.45283174514771,-7.23390913009644
324.5,-7.68283271789551,4.63732862472534,-7.23928499221802
325,-7.6931471824646,4.64529991149902,-7.24886035919189
325.5,-7.81053304672241,4.47757816314697,-7.26498222351074
326,-8.02723693847656,4.14901304244995,-7.28793382644653
326.5,-8.32881546020508,3.68709707260132,-7.31642866134644
327,-8.6947717666626,3.12940049171448,-7.34839582443237
327.5,-9.09952735900879,2.5201358795166,-7.38173913955688
328,-9.51381015777588,1.90627801418304,-7.41513681411743
328.5,-9.9065055847168,1.33357238769531,-7.44871759414673
329,-10.2468099594116,0.842740595340729,-7.484365940094
329.5,-10.5067729949951,0.466449797153473,-7.52558088302612
330,-10.6640729904175,0.227537408471107,-7.57634973526001
330.5,-10.7045736312866,0.138465881347656,-7.63917827606201
331,-10.624059677124,0.201374486088753,-7.71406888961792
331.5,-10.4287710189819,0.408300280570984,-7.79852294921875
332,-10.1347122192383,0.741859436035156,-7.88788414001465
332.5,-9.76583480834961,1.17655146121979,-7.97612333297729
333,-9.35153007507324,1.68083107471466,-8.05719184875488
333.5,-8.92391872406006,2.21968078613281,-8.12630844116211
334,-8.51526069641113,2.75719833374023,-8.1806640625
334.5,-8.15569972991943,3.25884318351746,-8.21967315673828
335,-7.8713903427124,3.6931848526001,-8.24479103088379
335.5,-7.68303394317627,4.03317642211914,-8.25918388366699
336,-7.6047158241272,4.25709581375122,-8.26723766326904
336.5,-7.64307498931885,4.34941673278809,-8.27398300170898
337,-7.79673719406128,4.30179595947266,-8.28434658050537
337.5,-8.05606079101563,4.1142315864563,-8.30224800109863
338,-8.40331363677979,3.79602360725403,-8.32960987091064
338.5,-8.81336212158203,3.36606812477112,-8.36612510681152
339,-9.25498962402344,2.8522253036499,-8.40972137451172
339.5,-9.69291973114014,2.28981375694275,-8.45771598815918
340,-10.0906944274902,1.71935439109802,-8.50854778289795
340.5,-10.4141206741333,1.18367516994476,-8.56274700164795
341,-10.6348810195923,0.724576473236084,-8.62244701385498
341.5,-10.7336883544922,0.379283517599106,-8.69024562835693
342,-10.7025012969971,0.176940605044365,-8.76799488067627
342.5,-10.5453567504883,0.135612815618515,-8.85571193695068
343,-10.27756690979,0.260245770215988,-8.95101356506348
343.5,-9.92348003387451,0.542056441307068,-9.0494966506958
344,-9.51350116729736,0.959319531917572,-9.1455774307251
344.5,-9.08077526092529,1.47947180271149,-9.23351192474365
345,-8.65828514099121,2.06212067604065,-9.30835247039795
345.5,-8.27650928497314,2.66258931159973,-9.36671543121338
346,-7.96181011199951,3.23556971549988,-9.40732765197754
346.5,-7.73541212081909,3.73850798606873,-9.43131732940674
347,-7.61266660690308,4.13440990447998,-9.44221115112305
347.5,-7.60248708724976,4.39389276504517,-9.4455623626709
348,-7.70672702789307,4.49658584594727,-9.44824028015137
348.5,-7.91961193084717,4.43220520019531,-9.4572229385376
349,-8.22735691070557,4.20151042938232,-9.478271484375
349.5,-8.60832786560059,3.81699371337891,-9.51521873474121
350,-9.03406047821045,3.30291962623596,-9.57008457183838
350.5,-9.47121429443359,2.69464612007141,-9.64326286315918
351,-9.88432502746582,2.03721451759338,-9.73347854614258
351.5,-10.2390604019165,1.38290548324585,-9.83745956420898
352,-10.5055961608887,0.787426352500916,-9.95011901855469
352.5,-10.6617307662964,0.304825067520142,-10.0652761459351
353,-10.6952095031738,-1.82912573218346E-02,-10.1763706207275
353.5,-10.6048936843872,-0.148152738809586,-10.2774801254272
354,-10.4005966186523,-6.79028853774071E-02,-10.3644199371338
354.5,-10.1017389297485,0.220198974013329,-10.4356822967529
355,-9.73513126373291,0.694477260112762,-10.4928197860718
355.5,-9.33218955993652,1.31545531749725,-10.5395126342773
356,-8.9257345199585,2.02935004234314,-10.5796270370483
356.5,-8.5469331741333,2.77303218841553,-10.6162071228027
357,-8.22288703918457,3.47985172271729,-10.6514844894409
357.5,-7.97502040863037,4.08575868606567,-10.6868143081665
358,-7.81816339492798,4.53527164459229,-10.7229995727539
358.5,-7.76029872894287,4.78684997558594,-10.7610731124878
359,-7.80278921127319,4.81703758239746,-10.8027944564819
359.5,-7.94081974029541,4.62283706665039,-10.850380897522
360,-8.16389942169189,4.22202920913696,-10.9057703018188
360.5,-8.45640182495117,3.65150928497314,-10.9700050354004
361,-8.79822158813477,2.96394276618958,-11.0429258346558
361.5,-9.16571998596191,2.2230007648468,-11.1231603622437
362,-9.53298091888428,1.49746429920197,-11.2083168029785
362.5,-9.87341594696045,0.854645192623138,-11.2951498031616
363,-10.1616792678833,0.353777140378952,-11.3799076080322
363.5,-10.3758792877197,4.00643870234489E-02,-11.4589557647705
364,-10.4997472763062,-5.99345713853836E-02,-11.5296297073364
364.5,-10.5243635177612,5.90379424393177E-02,-11.5910415649414
365,-10.4490852355957,0.38066565990448,-11.6443567276001
365.5,-10.2814817428589,0.869269847869873,-11.6925354003906
366,-10.0363235473633,1.47411704063416,-11.7393207550049
366.5,-9.73377895355225,2.13507890701294,-11.7879638671875
367,-9.39719581604004,2.78877472877502,-11.8402652740479
367.5,-9.05094146728516,3.37448477745056,-11.896580696106
368,-8.71865367889404,3.83942008018494,-11.9562530517578
368.5,-8.42197704315186,4.14314603805542,-12.0182294845581
369,-8.17969226837158,4.26102828979492,-12.0816259384155
369.5,-8.00711345672607,4.18652200698853,-12.1458911895752
370,-7.91548585891724,3.93200707435608,-12.2105197906494
370.5,-7.91136980056763,3.52774906158447,-12.2745342254639
371,-7.99599933624267,3.01890397071838,-12.3361835479736
371.5,-8.16477203369141,2.46066570281982,-12.3931312561035
372,-8.40702247619629,1.91212558746338,-12.4432497024536
372.5,-8.70628261566162,1.42963683605194,-12.4855499267578
373,-9.04128742218018,1.06063115596771,-12.5209465026855
373.5,-9.38758850097656,0.838690638542175,-12.5523710250854
374,-9.7197208404541,0.780419230461121,-12.5840291976929
374.5,-10.0134687423706,0.884346783161163,-12.6202268600464
375,-10.2479209899902,1.13183748722076,-12.6643409729004
375.5,-10.4070234298706,1.48975539207459,-12.7182569503784
376,-10.4805860519409,1.91451954841614,-12.7823066711426
376.5,-10.4646434783936,2.35706567764282,-12.855393409729
377,-10.3613548278809,2.76815462112427,-12.9351711273193
377.5,-10.1785335540771,3.10351228713989,-13.0182266235352
378,-9.92893981933594,3.32833576202393,-13.100456237793
378.5,-9.62949371337891,3.42079854011536,-13.1776561737061
379,-9.30031681060791,3.37421846389771,-13.2462711334229
379.5,-8.96361255645752,3.19760012626648,-13.3041887283325
380,-8.64227390289307,2.91435170173645,-13.3512001037598
380.5,-8.35828590393066,2.5592782497406,-13.389123916626
381,-8.1310920715332,2.17423272132874,-13.4213161468506
381.5,-7.9760856628418,1.80308866500854,-13.4520025253296
382,-7.90348625183105,1.48680472373962,-13.4854879379272
382.5,-7.91773366928101,1.2592271566391,-13.5255842208862
383,-8.01743602752686,1.14402806758881,-13.5752906799316
383.5,-8.19575119018555,1.15290474891663,-13.6365194320679
384,-8.44103908538818,1.28497803211212,-13.7097721099854
384.5,-8.7376766204834,1.52723169326782,-13.7937421798706
385,-9.06701278686523,1.85588753223419,-13.8852443695068
385.5,-9.40838241577148,2.2386577129364,-13.9793386459351
386,-9.74019432067871,2.6377170085907,-14.0700120925903
386.5,-10.0411758422852,3.01325058937073,-14.1512889862061
387,-10.2917127609253,3.32727193832398,-14.218581199646
387.5,-10.4752559661865,3.54738616943359,-14.2695837020874
388,-10.5795049667358,3.65007448196411,-14.3044986724854
388.5,-10.5971641540527,3.62307643890381,-14.3259210586548
389,-10.5263147354126,3.46656489372253,-14.338433265686
389.5,-10.370267868042,3.19303417205811,-14.3480043411255
390,-10.1372442245483,2.82595491409302,-14.361310005188
390.5,-9.84004878997803,2.3975715637207,-14.3852577209473
391,-9.49575424194336,1.94613516330719,-14.4262819290161
391.5,-9.1251392364502,1.51264560222626,-14.4890069961548
392,-8.75163459777832,1.13721644878387,-14.5750036239624
392.5,-8.39988327026367,0.855259716510773,-14.6820983886719
393,-8.09406852722168,0.693890452384949,-14.8044347763062
393.5,-7.85605573654175,0.669142365455628,-14.9330883026123
394,-7.70348262786865,0.784481287002563,-15.0574579238892
394.5,-7.64815378189087,1.03071808815002,-15.1674423217773
395,-7.6949577331543,1.387122631073,-15.2558031082153
395.5,-7.84149599075317,1.82341206073761,-15.3195028305054
396,-8.07837200164795,2.3023533821106,-15.3598785400391
396.5,-8.38993167877197,2.78283858299255,-15.3819246292114
397,-8.75535106658936,3.22333216667175,-15.3930778503418
397.5,-9.15008068084717,3.58557105064392,-15.401575088501
398,-9.5475378036499,3.83825039863586,-15.4148712158203
398.5,-9.92107105255127,3.96017622947693,-15.4384183883667
399,-10.245885848999,3.94228577613831,-15.4752330780029
399.5,-10.5008068084717,3.78816294670105,-15.5260391235352
400,-10.6697177886963,3.5130980014801,-15.5898065567017
400.5,-10.7426195144653,3.14206004142761,-15.6642894744873
401,-10.7162294387817,2.70717763900757,-15.7465295791626
401.5,-10.5939455032349,2.24503111839294,-15.8330631256104
402,-10.3852558135986,1.79397583007813,-15.9201707839966
402.5,-10.1046237945557,1.39140522480011,-16.0038890838623
403,-9.77011775970459,1.07086765766144,-16.0800685882568
403.5,-9.40205478668213,0.859104454517365,-16.1447982788086
404,-9.0218334197998,0.773243606090546,-16.1954822540283
404.5,-8.65083503723145,0.818672657012939,-16.2320804595947
405,-8.30940628051758,0.988188922405243,-16.2578983306885
405.5,-8.01608276367188,1.26287806034088,-16.2796630859375
406,-7.7871732711792,1.61467742919922,-16.3063793182373
406.5,-7.63633584976196,2.00992846488953,-16.3468589782715
407,-7.57395935058594,2.41303873062134,-16.4070949554443
407.5,-7.60634803771973,2.7895827293396,-16.4890422821045
408,-7.73493051528931,3.10866236686707,-16.5907573699951
408.5,-7.95552587509155,3.34470176696777,-16.7067909240723
409,-8.25783824920654,3.47900223731995,-16.828914642334
409.5,-8.62546348571777,3.50115084648132,-16.9476623535156
410,-9.03661823272705,3.41037487983704,-17.0544090270996
410.5,-9.4655294418335,3.21652960777283,-17.1428699493408
411,-9.88416385650635,2.94005990028381,-17.2095680236816
411.5,-10.264048576355,2.61050057411194,-17.2540321350098
412,-10.578197479248,2.26336097717285,-17.2787532806396
412.5,-10.8030872344971,1.93588840961456,-17.2886371612549
413,-10.9206972122192,1.66250598430634,-17.2899608612061
413.5,-10.9203910827637,1.47071194648743,-17.2895030975342
414,-10.800329208374,1.37800252437592,-17.2940158843994
414.5,-10.5680999755859,1.39012777805328,-17.3095760345459
415,-10.2402448654175,1.50080478191376,-17.3408889770508
415.5,-9.84071254730225,1.69282233715057,-17.3905773162842
416,-9.39845180511475,1.94030773639679,-17.4589309692383
416.5,-8.94458198547363,2.21182656288147,-17.5438995361328
417,-8.50967407226563,2.47398495674133,-17.6414527893066
417.5,-8.12144374847412,2.69532084465027,-17.7458190917969
418,-7.80315589904785,2.8502049446106,-17.849723815918
418.5,-7.57269668579102,2.92229104042053,-17.9452953338623
419,-7.44217443466187,2.90680122375488,-18.0254325866699
419.5,-7.41790056228638,2.81108999252319,-18.0850887298584
420,-7.50047254562378,2.65318083763123,-18.1221256256104
420.5,-7.68496513366699,2.45844626426697,-18.1378555297852
421,-7.96100234985352,2.25511503219604,-18.1371154785156
421.5,-8.31296539306641,2.069669008255,-18.1277446746826
422,-8.72043609619141,1.9230443239212,-18.1193752288818
422.5,-9.15907382965088,1.82825529575348,-18.1218776702881
423,-9.60197353363037,1.78962576389313,-18.14381980896
423.5,-10.0213441848755,1.80340242385864,-18.1911087036133
424,-10.390193939209,1.85928130149841,-18.2661781311035
424.5,-10.6839456558228,1.94252157211304,-18.3676338195801
425,-10.8819818496704,2.03646755218506,-18.490291595459
425.5,-10.9690942764282,2.12526893615723,-18.625560760498
426,-10.93687915802,2.19656896591187,-18.7625827789307
426.5,-10.7849187850952,2.24356603622437,-18.8900585174561
427,-10.5214529037476,2.26618647575378,-18.9982147216797
427.5,-10.163402557373,2.2709219455719,-19.0802745819092
428,-9.73547840118408,2.26934623718262,-19.1332492828369
428.5,-9.2684154510498,2.27548027038574,-19.1581401824951
429,-8.79655838012695,2.30259728431702,-19.1594829559326
429.5,-8.35506343841553,2.36010980606079,-19.1443691253662
430,-7.97707557678223,2.45115113258362,-19.1212673187256
430.5,-7.69112253189087,2.57135963439941,-19.0988292694092
431,-7.518883228302,2.70890140533447,-19.0848388671875
431.5,-7.47332429885864,2.84563279151917,-19.0855846405029
432,-7.55743217468262,2.95922040939331,-19.1055126190186
432.5,-7.76359367370605,3.02593564987183,-19.1471481323242
433,-8.07395553588867,3.02406597137451,-19.2110424041748
433.5,-8.46179103851318,2.93757009506226,-19.2958011627197
434,-8.89397621154785,2.75955772399902,-19.398365020752
434.5,-9.33430576324463,2.49486708641052,-19.514331817627
435,-9.7471866607666,2.16104173660278,-19.6384944915771
435.5,-10.1010150909424,1.78721964359283,-19.7653903961182
436,-10.3708181381226,1.41098201274872,-19.8898601531982
436.5,-10.5398426055908,1.07377123832703,-20.0074119567871
437,-10.6002197265625,0.815677106380463,-20.1145572662354
437.5,-10.5528831481934,0.670535862445831,-20.2091007232666
438,-10.4068250656128,0.661871671676636,-20.2900848388672
438.5,-10.1777820587158,0.800136864185333,-20.3575458526611
439,-9.88658428192139,1.08137512207031,-20.4122314453125
439.5,-9.55735015869141,1.48741745948792,-20.4552974700928
440,-9.21567153930664,1.98751330375671,-20.4880428314209
440.5,-8.88690853118896,2.54116153717041,-20.5119094848633
441,-8.59465408325195,3.10178709030151,-20.5287170410156
441.5,-8.35943603515625,3.62087893486023,-20.5408897399902
442,-8.19759273529053,4.05221843719482,-20.5514316558838
442.5,-8.12031841278076,4.35591888427734,-20.5633907318115
443,-8.13278675079346,4.50195693969727,-20.5792179107666
443.5,-8.23358535766602,4.47296237945557,-20.6003246307373
444,-8.4145450592041,4.26609945297241,-20.6269016265869
444.5,-8.66107845306396,3.89380216598511,-20.6580390930176
445,-8.953049659729,3.38317632675171,-20.6925106048584
445.5,-9.26596832275391,2.77391648292542,-20.7296485900879
446,-9.57269096374512,2.11493587493896,-20.7701988220215
446.5,-9.84559726715088,1.46004724502563,-20.81662940979
447,-10.0591382980347,0.863125920295715,-20.8727645874023
447.5,-10.1925477981567,0.373243480920792,-20.9427852630615
448,-10.2322692871094,3.02783716470003E-02,-21.0298118591309
448.5,-10.173680305481,-0.138573184609413,-21.1345443725586
449,-10.0217323303223,-0.121030382812023,-21.2544860839844
449.5,-9.7903003692627,7.94178768992424E-02,-21.3840007781982
450,-9.50041103363037,0.444197237491608,-21.5151596069336
450.5,-9.17773151397705,0.941704452037811,-21.6391563415527
451,-8.84977531433105,1.53045165538788,-21.7480010986328
451.5,-8.54338455200195,2.16297268867493,-21.836051940918
452,-8.28279590606689,2.79003095626831,-21.9009895324707
452.5,-8.08829975128174,3.36478781700134,-21.9437408447266
453,-7.97543716430664,3.8465530872345,-21.9676666259766
453.5,-7.95442056655884,4.20381736755371,-21.9772167205811
454,-8.02971363067627,4.41631269454956,-21.9767074584961
454.5,-8.19963073730469,4.4759578704834,-21.9693984985352
455,-8.45603942871094,4.38663244247437,-21.9571704864502
455.5,-8.78436279296875,4.16284132003784,-21.9410705566406
456,-9.16390991210938,3.82749509811401,-21.9221992492676
456.5,-9.56868648529053,3.40916037559509,-21.9029102325439
457,-9.96870803833008,2.93923139572144,-21.8873920440674
457.5,-10.3319501876831,2.44942021369934,-21.8815994262695
458,-10.6268587112427,1.96979546546936,-21.8923530578613
458.5,-10.8252477645874,1.52736008167267,-21.9260063171387
459,-10.9051847457886,1.14505290985107,-21.9867744445801
459.5,-10.853458404541,0.841050863265991,-22.0754947662354
460,-10.6671724319458,0.628281354904175,-22.1888561248779
460.5,-10.3543558120728,0.51419997215271,-22.3198680877686
461,-9.93351364135742,0.500846326351166,-22.4592418670654
461.5,-9.43224239349365,0.585211336612701,-22.5972938537598
462,-8.88504409790039,0.759847939014435,-22.7256755828857
462.5,-8.33068084716797,1.01358234882355,-22.8387184143066
463,-7.8093581199646,1.33226096630096,-22.93385887146
463.5,-7.35997819900513,1.6993932723999,-23.0114421844482
464,-7.01761198043823,2.09671592712402,-23.0737209320068
464.5,-6.81122159957886,2.50470542907715,-23.1237144470215
465,-6.76165962219238,2.90314769744873,-23.1639423370361
465.5,-6.88000774383545,3.27179646492004,-23.1957263946533
466,-7.16638565063477,3.59114742279053,-23.2190341949463
466.5,-7.60935163497925,3.84329533576965,-23.2327938079834
467,-8.1859655380249,4.01281785964966,-23.2355289459229
467.5,-8.86249160766602,4.08761072158814,-23.2263431549072
468,-9.59568786621094,4.05967092514038,-23.2057857513428
468.5,-10.3348217010498,3.92580199241638,-23.1768016815186
469,-11.0246124267578,3.68831968307495,-23.1452045440674
469.5,-11.6092004776001,3.35570025444031,-23.1194896697998
470,-12.0368967056274,2.94304037094116,-23.1097221374512
470.5,-12.2653255462646,2.4721348285675,-23.1256809234619
471,-12.2663316726685,1.97095787525177,-23.1748390197754
471.5,-12.0298042297363,1.47230923175812,-23.2606010437012
472,-11.565712928772,1.01156544685364,-23.3813400268555
472.5,-10.9037857055664,0.623713910579681,-23.5302982330322
473,-10.090799331665,0.340071529150009,-23.6964664459229
473.5,-9.18594360351563,0.185237064957619,-23.8661041259766
474,-8.25510787963867,0.174702823162079,-24.0250625610352
474.5,-7.36502122879028,0.313397139310837,-24.1611347198486
475,-6.5780668258667,0.595227539539337,-24.2661075592041
475.5,-5.94815063476563,1.00345933437347,-24.336820602417
476,-5.51785182952881,1.51183557510376,-24.3751792907715
476.5,-5.31667995452881,2.08630323410034,-24.3872661590576
477,-5.36023044586182,2.68723773956299,-24.3818950653076
477.5,-5.64987659454346,3.27201557159424,-24.3689231872559
478,-6.17289590835571,3.79784655570984,-24.3576354980469
478.5,-6.90276288986206,4.22469425201416,-24.3550834655762
479,-7.79975271224976,4.51822853088379,-24.3652381896973
479.5,-8.81188869476318,4.6525239944458,-24.388729095459
480,-9.87671089172363,4.61242198944092,-24.4233684539795
480.5,-10.9240894317627,4.39536285400391,-24.4652194976807
481,-11.8802442550659,4.01246786117554,-24.5101127624512
481.5,-12.672981262207,3.48867106437683,-24.5551509857178
482,-13.2375802993774,2.86158680915833,-24.5998191833496
482.5,-13.5228462219238,2.17905330657959,-24.6463947296143
483,-13.4966735839844,1.49547553062439,-24.6993541717529
483.5,-13.1502876281738,0.867247045040131,-24.7637405395508
484,-12.5005483627319,0.34764376282692,-24.8431091308594
484.5,-11.5896453857422,-1.81637536734343E-02,-24.9379386901855
485,-10.4817523956299,-0.197616204619408,-25.0450763702393
485.5,-9.25715160369873,-0.174106389284134,-25.1581802368164
486,-8.00476455688477,5.12767918407917E-02,-25.2690868377686
486.5,-6.81437826156616,0.45986533164978,-25.3695621490479
487,-5.76954889297485,1.01725006103516,-25.4530963897705
487.5,-4.94184350967407,1.67650473117828,-25.5162944793701
488,-4.38672351837158,2.38241195678711,-25.5596179962158
488.5,-4.14094400405884,3.07612562179565,-25.5870666503906
489,-4.22114992141724,3.6999933719635,-25.605224609375
489.5,-4.62343072891235,4.20215463638306,-25.6216239929199
490,-5.32374620437622,4.54076480865479,-25.6428966522217
490.5,-6.27916097640991,4.68764019012451,-25.6733875274658
491,-7.4299430847168,4.63101196289063,-25.7144432067871
491.5,-8.70259284973145,4.37703514099121,-25.7642688751221
492,-10.0136795043945,3.9496431350708,-25.8189029693604
492.5,-11.2745294570923,3.38829374313354,-25.8741855621338
493,-12.3966932296753,2.74389863014221,-25.9279842376709
493.5,-13.2982177734375,2.07358169555664,-25.9814491271973
494,-13.9102878570557,1.43505263328552,-26.0386943817139
494.5,-14.1836738586426,0.881382822990418,-26.105260848999
495,-14.0941534042358,0.456666499376297,-26.1859817504883
495.5,-13.6458377838135,0.192881241440773,-26.282901763916
496,-12.8712596893311,0.107931405305862,-26.3939380645752
496.5,-11.8282194137573,0.204772874712944,-26.5125923156738
497,-10.5938949584961,0.471655935049057,-26.6289501190186
497.5,-9.25724411010742,0.88341224193573,-26.7315940856934
498,-7.91139364242554,1.403768658638,-26.8101100921631
498.5,-6.64681339263916,1.98857080936432,-26.8575229644775
499,-5.54585790634155,2.58957028388977,-26.8719444274902
499.5,-4.67850542068481,3.15822005271912,-26.8573589324951
500,-4.0991358757019,3.64929151535034,-26.8232326507568
500.5,-3.84424185752869,4.02383375167847,-26.783073425293
501,-3.93062019348145,4.2517204284668,-26.7520980834961
501.5,-4.35425138473511,4.3136420249939,-26.7445621490479
502,-5.09005832672119,4.20273160934448,-26.7711524963379
502.5,-6.09257125854492,3.92570042610169,-26.8370914459229
503,-7.29779529571533,3.50325775146484,-26.9412097930908
503.5,-8.62635612487793,2.96956324577332,-27.0764026641846
504,-9.98820114135742,2.37036442756653,-27.2314224243164
504.5,-11.2883672714233,1.75953269004822,-27.39333152771
505,-12.4338464736938,1.19432604312897,-27.5496025085449
505.5,-13.3413581848145,0.729706823825836,-27.6898365020752
506,-13.9451389312744,0.41247621178627,-27.8067722320557
506.5,-14.2034549713135,0.275987923145294,-27.8966445922852
507,-14.1027822494507,0.336178541183472,-27.9589061737061
507.5,-13.6584815979004,0.589305996894836,-27.9955215454102
508,-12.9119367599487,1.01196670532227,-28.0101184844971
508.5,-11.9247484207153,1.56323802471161,-28.007230758667
509,-10.7715482711792,2.18879771232605,-27.9918251037598
509.5,-9.53306579589844,2.82638812065125,-27.9693164825439
510,-8.29036903381348,3.41205501556396,-27.9457035064697
510.5,-7.12047719955444,3.88653182983398,-27.9275569915771
511,-6.09307765960693,4.2011513710022,-27.9217472076416
511.5,-5.26772260665894,4.32275056838989,-27.9347305297852
512,-4.69128465652466,4.23708534240723,-27.9717063903809
512.5,-4.39574384689331,3.95043110847473,-28.0358581542969
513,-4.39653587341309,3.48915433883667,-28.1276016235352
513.5,-4.69166660308838,2.89733839035034,-28.2443885803223
514,-5.2615909576416,2.23280096054077,-28.3808765411377
514.5,-6.07006072998047,1.56178963184357,-28.5295791625977
515,-7.06595325469971,0.952811181545258,-28.6817569732666
515.5,-8.18593120574951,0.470051050186157,-28.8283538818359
516,-9.35806083679199,0.166908144950867,-28.960901260376
516.5,-10.5069255828857,8.02570432424545E-02,-29.0721569061279
517,-11.559196472168,0.226075366139412,-29.1566162109375
517.5,-12.4496765136719,0.59698224067688,-29.2107181549072
518,-13.1262636184692,1.16207134723663,-29.2328815460205
518.5,-13.5528621673584,1.86921036243439,-29.2234802246094
519,-13.7106218338013,2.64961671829224,-29.1850509643555
519.5,-13.597580909729,3.42429947853088,-29.1227283477783
520,-13.2268285751343,4.11174821853638,-29.044282913208
520.5,-12.6243925094604,4.6360502243042,-28.9599094390869
521,-11.8268184661865,4.93469858169556,-28.8818206787109
521.5,-10.8789911270142,4.96545076370239,-28.8234729766846
522,-9.83225440979004,4.71179676055908,-28.7981643676758
522.5,-8.74257850646973,4.18644142150879,-28.8166770935059
523,-7.66839933395386,3.43202018737793,-28.8847541809082
523.5,-6.6683783531189,2.51825475692749,-29.0012054443359
524,-5.7989935874939,1.53534710407257,-29.1575202941895
524.5,-5.1117844581604,0.584304094314575,-29.3390674591064
525,-4.65045690536499,-0.234286665916443,-29.5274486541748
525.5,-4.44812965393066,-0.831315100193024,-29.7035160064697
526,-4.52446460723877,-1.13854026794434,-29.8505325317383
526.5,-4.88337230682373,-1.11544251441956,-29.9565029144287
527,-5.51158046722412,-0.753130257129669,-30.0155372619629
527.5,-6.37872743606567,-7.54231810569763E-02,-30.027681350708
528,-7.43873500823975,0.862877666950226,-29.9978904724121
528.5,-8.63252830505371,1.98029041290283,-29.9344387054443
529,-9.89133453369141,3.17529320716858,-29.8471240997314
529.5,-11.1400394439697,4.33479690551758,-29.7459964752197
530,-12.2999563217163,5.34387445449829,-29.6405792236328
530.5,-13.2919874191284,6.09624195098877,-29.5399341583252
531,-14.0417203903198,6.50516319274902,-29.4526710510254
531.5,-14.4867839813232,6.51406812667847,-29.3865451812744
532,-14.5839757919312,6.10486459732056,-29.3483810424805
532.5,-14.3138732910156,5.30225133895874,-29.3447093963623
533,-13.6830053329468,4.17306089401245,-29.3816509246826
533.5,-12.724235534668,2.8207745552063,-29.4629611968994
534,-11.4956970214844,1.37561070919037,-29.5864772796631
534.5,-10.0763368606567,-1.90377868711948E-02,-29.7418823242188
535,-8.55980110168457,-1.22206079959869,-29.911003112793
535.5,-7.0485143661499,-2.1097526550293,-30.0698471069336
536,-5.64677715301514,-2.58879995346069,-30.1927261352539
536.5,-4.45279693603516,-2.60583257675171,-30.2576904296875
537,-3.55021619796753,-2.1526563167572,-30.2518157958984
537.5,-3.00109457969666,-1.26681816577911,-30.1744441986084
538,-2.84183430671692,-2.77145113795996E-02,-30.0376091003418
538.5,-3.08253717422485,1.45111954212189,-29.8633556365967
539,-3.70890927314758,3.03265118598938,-29.6793441772461
539.5,-4.6846809387207,4.56879615783691,-29.5130500793457
540,-5.95391511917114,5.91356039047241,-29.3867588043213
540.5,-7.44214344024658,6.93585252761841,-29.3136520385742
541,-9.05753231048584,7.53123140335083,-29.2961158752441
541.5,-10.6940870285034,7.63208913803101,-29.3264045715332
542,-12.2382898330688,7.21579933166504,-29.3896732330322
542.5,-13.578462600708,6.30969858169556,-29.4685611724854
543,-14.614649772644,4.99168729782104,-29.5480537414551
543.5,-15.2673206329346,3.38557696342468,-29.6185150146484
544,-15.4840526580811,1.6505469083786,-29.6754989624023
544.5,-15.2432222366333,-3.50958146154881E-02,-29.7172031402588
545,-14.5549879074097,-1.49427354335785,-29.7420215606689
545.5,-13.4620590209961,-2.57230043411255,-29.7467517852783
546,-12.039345741272,-3.15544581413269,-29.726001739502
546.5,-10.3898296356201,-3.1840181350708,-29.6730842590332
547,-8.63541316986084,-2.65829563140869,-29.5825634002686
547.5,-6.9042444229126,-1.63690268993378,-29.4535083770752
548,-5.31794166564941,-0.228511288762093,-29.2918090820313
548.5,-3.98177075386047,1.42135143280029,-29.1106929779053
549,-2.97917199134827,3.14610886573792,-28.9287719726563
549.5,-2.36976170539856,4.77464008331299,-28.7668857574463
550,-2.18875050544739,6.14709615707398,-28.6439266204834
550.5,-2.44615817070007,7.12925910949707,-28.5725402832031
551,-3.12537622451782,7.62486457824707,-28.5556087493896
551.5,-4.18256425857544,7.58515119552612,-28.5848808288574
552,-5.54882574081421,7.01458930969238,-28.6422920227051
552.5,-7.13568258285522,5.97151470184326,-28.7041435241699
553,-8.84221076965332,4.56297922134399,-28.7465286254883
553.5,-10.5611047744751,2.93409371376038,-28.7505588531494
554,-12.1821985244751,1.25293850898743,-28.7063503265381
554.5,-13.5950260162354,-0.307214379310608,-28.6150798797607
555,-14.6936492919922,-1.58651840686798,-28.4884777069092
555.5,-15.3865480422974,-2.45605182647705,-28.3454570770264
556,-15.6106653213501,-2.83196306228638,-28.2063846588135
556.5,-15.3446455001831,-2.68401455879211,-28.0866584777832
557,-14.6146240234375,-2.03723669052124,-27.9918594360352
557.5,-13.4895315170288,-0.96679836511612,-27.916618347168
558,-12.0680723190308,0.41222020983696,-27.8475170135498
558.5,-10.4635124206543,1.95814716815948,-27.7680263519287
559,-8.79116821289063,3.51736307144165,-27.6637115478516
559.5,-7.16078329086304,4.93894910812378,-27.5259380340576
560,-5.67254304885864,6.08845043182373,-27.3538436889648
560.5,-4.4145884513855,6.85993576049805,-27.154167175293
561,-3.46053791046143,7.18557262420654,-26.9394111633301
561.5,-2.86649107933044,7.04179573059082,-26.7244129180908
562,-2.66799759864807,6.4510612487793,-26.5225563049316
562.5,-2.87781620025635,5.47882080078125,-26.3425807952881
563,-3.48470020294189,4.22592401504517,-26.1870899200439
563.5,-4.45293951034546,2.81748604774475,-26.0531005859375
564,-5.72250986099243,1.3897842168808,-25.9343299865723
564.5,-7.21033096313477,7.67166689038277E-02,-25.8243637084961
565,-8.81370449066162,-1.00280237197876,-25.7197170257568
565.5,-10.4170389175415,-1.75548458099365,-25.6215476989746
566,-11.9019823074341,-2.12157440185547,-25.5350914001465
566.5,-13.1595945358276,-2.07939648628235,-25.4672031402588
567,-14.1018762588501,-1.6461296081543,-25.4225177764893
567.5,-14.6698894500732,-0.874752223491669,-25.4002647399902
568,-14.8368358612061,0.152391612529755,-25.3926296234131
568.5,-14.6064281463623,1.33257246017456,-25.3855800628662
569,-14.0083780288696,2.55313658714294,-25.3617095947266
569.5,-13.0931539535522,3.70242619514465,-25.3039970397949
570,-11.9273595809937,4.68019104003906,-25.1994934082031
570.5,-10.5899600982666,5.40657711029053,-25.0421352386475
571,-9.16862010955811,5.82886409759521,-24.8341503143311
571.5,-7.75548887252808,5.92523765563965,-24.5855884552002
572,-6.44208431243896,5.70516586303711,-24.3121967315674
572.5,-5.31370258331299,5.20635032653809,-24.0322570800781
573,-4.44388961791992,4.48882150650024,-23.7634258270264
573.5,-3.88958191871643,3.62738585472107,-23.5201148986816
574,-3.68718671798706,2.70362520217896,-23.3120422363281
574.5,-3.84991002082825,1.79846262931824,-23.1439895629883
575,-4.36634731292725,0.985660791397095,-23.0165252685547
575.5,-5.20062208175659,0.326370507478714,-22.9271965026855
576,-6.29420709609985,-0.135173738002777,-22.8717727661133
576.5,-7.56954431533813,-0.374500006437302,-22.8452033996582
577,-8.93540191650391,-0.387925714254379,-22.841983795166
577.5,-10.2936162948608,-0.191531136631966,-22.8560352325439
578,-11.5466251373291,0.181787222623825,-22.8804683685303
578.5,-12.6051454544067,0.686758697032928,-22.9074115753174
579,-13.3952941894531,1.27111303806305,-22.9282264709473
579.5,-13.8646936416626,1.88126039505005,-22.9339160919189
580,-13.9868307113647,2.46761775016785,-22.9158782958984
580.5,-13.7629795074463,2.98887252807617,-22.8669376373291
581,-13.2212543487549,3.41461086273193,-22.7826194763184
581.5,-12.412787437439,3.7260890007019,-22.661901473999
582,-11.4057474136353,3.91541576385498,-22.5075340270996
582.5,-10.2783889770508,3.98377180099487,-22.3255405426025
583,-9.11232089996338,3.93937015533447,-22.1243667602539
583.5,-7.9868426322937,3.79560947418213,-21.9138736724854
584,-6.97446918487549,3.5695173740387,-21.7043724060059
584.5,-6.13739109039307,3.28029704093933,-21.5057277679443
585,-5.52447938919067,2.94801235198975,-21.3266487121582
585.5,-5.16879415512085,2.59242463111877,-21.1741580963135
586,-5.08584213256836,2.23232698440552,-21.0531845092773
586.5,-5.27284622192383,1.88543057441711,-20.9662418365479
587,-5.70929908752441,1.56863808631897,-20.9131946563721
587.5,-6.35863876342773,1.29822647571564,-20.891300201416
588,-7.17103004455567,1.08956229686737,-20.895544052124
588.5,-8.08714389801025,0.956213593482971,-20.9191379547119
589,-9.04272270202637,0.90862250328064,-20.954158782959
589.5,-9.9735860824585,0.952697098255158,-20.992094039917
590,-10.820442199707,1.08867990970612,-21.0242519378662
590.5,-11.5330047607422,1.31058239936829,-21.0420455932617
591,-12.0728540420532,1.60626816749573,-21.037389755249
591.5,-12.4149513244629,1.95807433128357,-21.003396987915
592,-12.5479354858398,2.34383296966553,-20.9351367950439
592.5,-12.4734315872192,2.73807382583618,-20.8304710388184
593,-12.20481300354,3.11335492134094,-20.6905879974365
593.5,-11.7655487060547,3.4417188167572,-20.5203056335449
594,-11.1874256134033,3.69640588760376,-20.3280715942383
594.5,-10.5084629058838,3.85376262664795,-20.1252632141113
595,-9.77078723907471,3.89552640914917,-19.9248790740967
595.5,-9.01840114593506,3.81112575531006,-19.7397346496582
596,-8.29498863220215,3.59972286224365,-19.5806255340576
596.5,-7.64180088043213,3.27154660224915,-19.4549121856689
597,-7.09554195404053,2.8480818271637,-19.3655490875244
597.5,-6.68641042709351,2.36093091964722,-19.3108749389648
598,-6.43630170822144,1.84935462474823,-19.2852115631104
598.5,-6.35744428634644,1.35680818557739,-19.2801361083984
599,-6.45159435272217,0.926912486553192,-19.286060333252
599.5,-6.70997333526611,0.599357545375824,-19.2937316894531
600,-7.11393880844116,0.406155109405518,-19.2953281402588
